"master_id","lineage_id","name","first_public_year","time_scope","resource_type","trainability","is_independent_dataset","is_direct_robot_trainable","origin","embodiment","full_body_tier","hours","episodes","tasks","modalities","storage_format","access_bucket","access_status","download_verified","license","parent_aggregate","versions","primary_url","evidence_urls","evidence_level","source_scope","dedup_note","last_verified","citation_count","influence_tier","impact_score","verification_state","verification_note","official_source_count","project_url","semantic_scholar_url"
"R0201","humanplus","HumanPlus","2024","2022—2026主窗口","采集系统","系统本身不等于数据集","false","false","人体动作+仿真+真实humanoid","33-DoF双足humanoid","核心","40","","穿鞋起身行走、仓储、叠衣、打字、交互","人体RGB姿态;机器人本体;第一视角RGB;动作","项目数据/代码","可直接下载","数据与代码链接开放","是","项目条款","","HumanPlus (2024)","https://humanoid-ai.github.io/","https://humanoid-ai.github.io/；https://github.com/MarkFzp/humanplus","A","原64项深读台账","","2026-09-02","0","高影响","562.3","来源与开放状态已核验","论文/数据卡与官方项目入口交叉核验","2","https://humanoid-ai.github.io/",""
"R0200","h2o","H2O","2024","2022—2026主窗口","采集系统","系统本身不等于数据集","false","false","真实humanoid+仿真训练","双足humanoid全身","核心","","","实时全身模仿与遥操作","人体关键点;机器人本体状态;动作","代码/模型资产","可直接下载","代码与论文开放","是","项目条款","","H2O (2024)","https://human2humanoid.com/","https://human2humanoid.com/；https://arxiv.org/abs/2403.04436","A","原64项深读台账","","2026-09-02","275","高影响","562","来源与开放状态已核验","论文/数据卡与既有官方来源交叉核验","2","","https://www.semanticscholar.org/paper/01a70cb1ada213abaf966f735082a991ebe20b63"
"R0150","humanoidbench","HumanoidBench","2024","2022—2026主窗口","Benchmark/任务库","任务与评测为主","false","false","仿真","双足humanoid+双手","核心","","","locomotion、静态/动态全身操作","本体状态;物体状态;双头部相机;全身448 taxel触觉","MuJoCo环境/rollout","可直接下载","代码与任务开放；非固定专家数据集","是","CC BY-SA 4.0网站；代码许可证","","HumanoidBench (2024)","https://humanoid-bench.github.io/","https://humanoid-bench.github.io/；https://github.com/carlosferrazza/humanoid-bench","A","原64项深读台账","","2026-09-02","0","高影响","500","来源与开放状态已核验","论文/数据卡与官方项目入口交叉核验","2","https://humanoid-bench.github.io/",""
"R0019","mocapact","MoCapAct","2022","2022—2026主窗口","独立数据集","可直接用于机器人策略训练","true","true","MoCap经仿真专家策略转换","dm_control humanoid全身","核心","3","","多任务运动跟踪、运动补全与下游控制","本体观测;动作;专家策略rollout;MoCap参考","","可直接下载","代码与数据集公开","是","未核验","","MoCapAct (2022)","https://microsoft.github.io/MoCapAct/","https://arxiv.org/abs/2208.07363；https://microsoft.github.io/MoCapAct/；https://microsoft.github.io/MoCapAct","A","arXiv第三轮反向查漏","","2026-09-02","34","成长中","397.1","来源与开放状态已核验","论文/数据卡与官方项目入口交叉核验","3","https://microsoft.github.io/MoCapAct/","https://www.semanticscholar.org/paper/3e38ccc5ba9a4b4290060716614e02b7ba54df79"
"R0207","beavr","BEAVR","2025","2022—2026主窗口","采集系统","系统本身不等于数据集","false","false","VR多本体遥操作","单臂/双臂/全身humanoid","核心","","","操作、装配与locomotion示范采集","视觉;本体状态;动作","LeRobot","可直接下载","代码与VR应用开源；论文声明配套数据发布","是","MIT","","BEAVR (2025)","https://github.com/ARCLab-MIT/BeaVR-Bot","https://arxiv.org/abs/2508.09606；https://github.com/ARCLab-MIT/BeaVR-Bot；https://github.com/ARCLab-MIT/BEAVR-Bot","A","arXiv+GitHub官方仓库第二轮查漏","","2026-09-02","4","新近/小众","160.9","来源与开放状态已核验","论文/数据卡与官方项目入口交叉核验","3","https://github.com/ARCLab-MIT/BeaVR-Bot","https://www.semanticscholar.org/paper/85048c52a47ca750a3723fd7ded136bce4c74b9d"
"R0102","omniretarget-dataset","OmniRetarget Dataset","2025","2022—2026主窗口","独立数据集","可直接用于机器人策略训练","true","true","人体动作retargeting","G1 humanoid全身","核心","4","","负载搬运、复杂地形与组合交互","","NPZ","部分开放/分散获取","部分数据可下载；LAFAN1衍生部分受限","部分","MIT/来源条款","","OmniRetarget Dataset (2025)","https://huggingface.co/datasets/omniretarget/OmniRetarget_Dataset","https://huggingface.co/datasets/omniretarget/OmniRetarget_Dataset","A","Hugging Face论文数据卡","","2026-09-02","0","新近/小众","43.9","来源与开放状态已核验","论文/数据卡与官方项目入口交叉核验","1","https://huggingface.co/datasets/omniretarget/OmniRetarget_Dataset",""
"R0203","omnih2o-6","OmniH2O-6","2024","2022—2026主窗口","采集系统","系统本身不等于数据集","false","false","人体动作+仿真+真实humanoid","双足humanoid+灵巧手","核心","","6","运动、搬运、体育、人机交互；6个日常任务数据","人体姿态;机器人本体;任务观测;动作","项目数据包/代码","可直接下载","数据链接与代码开放","是","项目条款","","OmniH2O-6 (2024)","https://omni.human2humanoid.com/","https://omni.human2humanoid.com/；https://github.com/LeCAR-Lab/human2humanoid","A","原64项深读台账","","2026-09-02","0","新近/小众","15.6","来源与开放状态已核验","论文/数据卡与官方项目入口交叉核验","2","https://github.com/LeCAR-Lab/human2humanoid",""
"R0104","phuma","PHUMA","2025","2022—2026主窗口","独立数据集","可直接用于机器人策略训练","true","true","人体动作retargeting+物理修复","G1/H1-2全身","核心","","","可靠humanoid locomotion motion prior","","NPY","部分开放/分散获取","部分数据可下载；受来源许可限制","部分","Apache-2.0/来源条款","","PHUMA (2025)","https://huggingface.co/datasets/DAVIAN-Robotics/PHUMA","https://huggingface.co/datasets/DAVIAN-Robotics/PHUMA","A","Hugging Face机构数据卡","","2026-09-02","0","新近/小众","0","来源与开放状态已核验","论文/数据卡与官方项目入口交叉核验","1","https://huggingface.co/datasets/DAVIAN-Robotics/PHUMA",""
"R0213","twist","TWIST","2025","2022—2026主窗口","采集系统","系统本身不等于数据集","false","false","MoCap+仿真+真实humanoid","双足humanoid全身","核心","","","全身操作、腿部操作、locomotion、表达动作","MoCap人体动作;机器人本体;运动目标;动作","代码与训练运动数据","可直接下载","代码、训练运动数据和模型开放；无通用任务数据集","是","项目条款","","TWIST (2025)","https://yanjieze.com/projects/TWIST/","https://yanjieze.com/projects/TWIST/；https://github.com/YanjieZe/TWIST","A","原64项深读台账","","2026-09-02","0","新近/小众","0","来源与开放状态已核验","论文/数据卡与官方项目入口交叉核验","2","https://yanjieze.com/projects/TWIST/",""
"R0119","dexora-real-world","Dexora Real-World","2026","2022—2026主窗口","独立数据集","可直接用于机器人策略训练","true","true","真实机器人","双臂灵巧手","扩展","40.5","12200","双臂灵巧与VLA任务","多视角RGB;状态;动作;语言","Hugging Face数据卡格式","可直接下载","数据集可下载","是","数据卡条款","","Dexora Real-World (2026)","https://huggingface.co/datasets/Dexora/Dexora_Real-World_Dataset","https://huggingface.co/datasets/Dexora/Dexora_Real-World_Dataset；https://arxiv.org/abs/2605.18722","A","原64项深读台账","","2026-09-02","7","新近/小众","284.7","来源与开放状态已核验","论文/数据卡与官方项目入口交叉核验","2","https://huggingface.co/datasets/Dexora/Dexora_Real-World_Dataset","https://www.semanticscholar.org/paper/484895c1fb86049d0a765607484e2be6db17cd46"
"R0109","10kh-realomin-opendata","10Kh RealOmin OpenData","2026","2022—2026主窗口","独立数据集","可直接用于机器人策略训练","true","true","robot-free双手家庭采集","双手设备/机器人迁移上游","扩展","13000","5000000","10家庭场景、30核心技能","鱼眼RGB;轨迹;关节;IMU;触觉","MCAP","需申请/注册","需同意条件后下载；阶段性上传","入口已验证","CC BY-SA 4.0","","10Kh RealOmin OpenData (2026)","https://huggingface.co/datasets/genrobot2025/10Kh-RealOmin-OpenData","https://huggingface.co/datasets/genrobot2025/10Kh-RealOmin-OpenData","A","Hugging Face机构数据卡","","2026-09-02","0","新近/小众","124.6","来源与开放状态已核验","论文/数据卡与官方项目入口交叉核验","1","https://huggingface.co/datasets/genrobot2025/10Kh-RealOmin-OpenData",""
"R0077","agibot-world","AgiBot World Alpha/Beta","2024","2022—2026主窗口","独立数据集","可直接用于机器人策略训练","true","true","真实机器人","移动双臂、humanoid、双Franka等","扩展","","1003672","五领域、接触丰富、长时程、多机器人协作","多视角视觉;语言;状态;动作;部分视觉触觉","原始格式；提供转LeRobot v2.1路径","可直接下载","Alpha/Beta可下载","是","CC BY-NC-SA 4.0","","AgiBot World Alpha/Beta (2024-2025)","https://github.com/OpenDriveLab/AgiBot-World","https://github.com/OpenDriveLab/AgiBot-World；https://huggingface.co/datasets/agibot-world/AgiBotWorld-Beta","A","原64项深读台账","","2026-09-02","0","新近/小众","110.6","来源与开放状态已核验","论文/数据卡与官方项目入口交叉核验","2","https://github.com/OpenDriveLab/AgiBot-World",""
"R0130","openneodata","OpenNeoData","2026","2022—2026主窗口","独立数据集","可直接用于机器人策略训练","true","true","真实机器人+UMI","6类本体，单臂/双臂/UMI","扩展","5000","200000","257任务；接触丰富、可变形、双臂","RGB;视觉触觉;状态;动作","LeRobot v3","需申请/注册","需同意条款后下载；HF与ModelScope镜像","入口已验证","CC BY-NC-SA 4.0","","OpenNeoData (2026)","https://huggingface.co/datasets/NeoteAIEmbodied/OpenNeoData","https://huggingface.co/datasets/NeoteAIEmbodied/OpenNeoData","A","Hugging Face机构数据卡","","2026-09-02","0","新近/小众","105","来源与开放状态已核验","论文/数据卡与官方项目入口交叉核验","1","https://huggingface.co/datasets/NeoteAIEmbodied/OpenNeoData",""
"R0110","abc-130k","ABC-130k","2026","2022—2026主窗口","独立数据集","可直接用于机器人策略训练","true","true","真实机器人遥操作","双臂YAM","扩展","3590.7","130703","双臂操作；42980条有子任务标注","","MCAP","需申请/注册","需同意条件后下载","入口已验证","Apache-2.0","","ABC-130k (2026)","https://huggingface.co/datasets/XDOF/ABC-130k","https://huggingface.co/datasets/XDOF/ABC-130k","A","Hugging Face机构数据卡","","2026-09-02","0","新近/小众","102","来源与开放状态已核验","论文/数据卡与官方项目入口交叉核验","1","https://huggingface.co/datasets/XDOF/ABC-130k",""
"R0156","robomind","RoboMIND 1.0/2.0","2024","2022—2026主窗口","Benchmark/任务库","附带演示","false","false","真实机器人+数字孪生","单臂、双臂、humanoid双灵巧手","扩展","","107000","基础、精细、协调、长时程与场景理解操作","多视角RGB;本体状态;动作;语言;失败原因","官方数据集与utils；V2有ModelScope集合","可直接下载","1.0 Hugging Face；2.0 ModelScope开放","是","数据集条款","","RoboMIND 1.0/2.0 (2024-2026)","https://x-humanoid-robomind.github.io/","https://x-humanoid-robomind.github.io/；https://huggingface.co/datasets/x-humanoid-robomind/RoboMIND","A","原64项深读台账","","2026-09-02","0","新近/小众","92.6","来源与开放状态已核验","论文/数据卡与官方项目入口交叉核验","2","https://x-humanoid-robomind.github.io/",""
"R0202","mobilealoha","Mobile ALOHA","2024","2022—2026主窗口","采集系统","系统本身不等于数据集","false","false","真实机器人","轮式移动双臂","对照","","50","做饭、开柜、乘电梯、清洗等长时程移动操作","多路RGB;双臂关节;移动底盘;动作","HDF5/项目代码","可直接下载","数据、硬件与训练代码开放","是","项目条款","Open X-Embodiment","MobileALOHA (2024)；Mobile ALOHA (2024)","https://mobile-aloha.github.io/","https://docs.google.com/spreadsheets/d/1rPBD77tk60AEIGZrGSODwyyzs5FgCU9Uz3h-3_t2A9g/edit#gid=0；https://mobile-aloha.github.io/；https://arxiv.org/abs/2401.02117；https://mobile-aloha.github.io","A","原64项深读台账","","2026-09-02","745","高影响","1192.9","来源与开放状态已核验","论文/数据卡与官方项目入口交叉核验","4","https://mobile-aloha.github.io/","https://www.semanticscholar.org/paper/fc3819a50705fc3cf90ab92f2a206b858fef3b19"
"R0155","robocasa","RoboCasa","2024","2022—2026主窗口","Benchmark/任务库","附带演示","false","false","仿真","移动机械臂；支持humanoid/四足带臂","对照","2200","","厨房原子技能与组合任务","RGB-D;状态;动作;任务语义;资产状态","robomimic/HDF5生态","可直接下载","代码、benchmark与数据开放","是","代码/资产各自条款","","RoboCasa (2024)；RoboCasa365 (2026)","https://robocasa.ai/","https://robocasa.ai/；https://arxiv.org/abs/2406.02523；https://arxiv.org/abs/2603.04356","A","原64项深读台账","","2026-09-02","465","高影响","708.7","来源与开放状态已核验","论文/数据卡与既有官方来源交叉核验","3","","https://www.semanticscholar.org/paper/f773ceb43ffc7f9cd685250c4919924ec0bc85c7"
"R0246","open-x-embodiment-aggregate","Open X-Embodiment","2023","2022—2026主窗口","聚合/混合/内部数据","聚合或内部训练混合","false","false","真实机器人汇聚","单臂、双臂、移动平台、少量四足","对照","","2419193","527技能/160266任务标签","视觉;语言;状态;动作","RLDS/TFDS","部分开放/分散获取","69项可从Open X清单获取；3项需查原项目","部分","各子集许可证","","Open X-Embodiment (2023)","https://robotics-transformer-x.github.io/","https://robotics-transformer-x.github.io/；https://github.com/google-deepmind/open_x_embodiment","A","原64项深读台账","","2026-09-02","0","高影响","617.6","来源与开放状态已核验","论文/数据卡与官方项目入口交叉核验","2","https://robotics-transformer-x.github.io/",""
"R0138","behavior-1k","BEHAVIOR-1K","2022","2022—2026主窗口","Benchmark/任务库","任务与评测为主","false","false","仿真","移动操作；支持humanoid与四足带臂","对照","","","1000项完整家庭活动","RGB-D;场景状态;物体状态;动作;任务谓词","OmniGibson资产与轨迹接口","可直接下载","代码和任务库开放","是","项目许可证/资产各自条款","","BEHAVIOR-1K (2022-2026)","https://behavior.stanford.edu/","https://behavior.stanford.edu/；https://github.com/StanfordVL/BEHAVIOR-1K","A","原64项深读台账","","2026-09-02","0","高影响","500","来源与开放状态已核验","论文/数据卡与官方项目入口交叉核验","2","https://github.com/StanfordVL/BEHAVIOR-1K",""
"R0145","maniskill","ManiSkill demonstrations","2023","2022—2026主窗口","Benchmark/任务库","附带演示","false","false","仿真","多机械臂/移动操作；版本可扩展","对照","","","抓放、装配、移动操作、数字孪生任务","RGB-D;点云;状态;动作;物体状态","HDF5轨迹+视频/元数据","可直接下载","代码和演示下载开放","是","Apache-2.0/资产条款","Open X-Embodiment","Maniskill (2023)；ManiSkill demonstrations (2024-2026)","https://github.com/haosulab/ManiSkill","https://docs.google.com/spreadsheets/d/1rPBD77tk60AEIGZrGSODwyyzs5FgCU9Uz3h-3_t2A9g/edit#gid=0；https://maniskill.readthedocs.io/；https://github.com/haosulab/ManiSkill","A","原64项深读台账","","2026-09-02","0","高影响","500","来源与开放状态已核验","论文/数据卡与官方项目入口交叉核验","3","https://github.com/haosulab/ManiSkill",""
"R0239","robotwin","RoboTwin 2.0","2025","2022—2026主窗口","数据生成器","生成管线/可生成训练数据","false","false","仿真","双臂为主；多机器人","对照","","","多任务双臂操作","RGB-D;状态;动作;语言","项目格式；提供LeRobot集成","部分开放/分散获取","代码、任务和部分数据开放","部分","Apache-2.0","","RoboTwin 2.0 (2025)","https://github.com/RoboTwin-Platform/RoboTwin","https://github.com/RoboTwin-Platform/RoboTwin；https://robotwin-platform.github.io/","A","原64项深读台账","","2026-09-02","0","高影响","500","来源与开放状态已核验","论文/数据卡与官方项目入口交叉核验","2","https://github.com/RoboTwin-Platform/RoboTwin",""
"R0165","behavior-skill","Behavior-Skill","2026","2022—2026主窗口","Benchmark/任务库","附带技能级观测—动作片段","false","false","BEHAVIOR家庭任务演示切分","移动操作","对照","","10000","50家庭任务、34技能类别、235492技能实例","","","可直接下载","代码与benchmark公开","是","未核验","","Behavior-Skill (2026)","https://github.com/nubot-nudt/Behavior-Skill","https://arxiv.org/abs/2608.30536；https://github.com/nubot-nudt/Behavior-Skill","A","2026年7—8月arXiv完整增量审计","","2026-09-02","0","新近/小众","73.7","来源与开放状态已核验","论文/数据卡与既有官方来源交叉核验","2","","https://www.semanticscholar.org/paper/fe03267406263ed9a30967f257fb6f84ebce689e"
"R0051","motion-x","Motion-X","2023","2022—2026主窗口","独立数据集","人类上游数据","true","false","视频汇聚+MoCap重标注","人类全身、手、脸","上游","","81100","多场景表达性人体动作","SMPL-X;逐帧姿态描述;序列语义","SMPL-X参数/文本","需申请/注册","申请获取","入口已验证","CC BY-NC-SA及上游混合条款","","Motion-X (2023)；Motion-X++ (2025)","https://motion-x-dataset.github.io/","https://motion-x-dataset.github.io/；https://github.com/IDEA-Research/Motion-X；https://arxiv.org/abs/2501.05098","A","原64项深读台账","","2026-09-02","45","高影响","973.3","来源与开放状态已核验","论文/数据卡与官方项目入口交叉核验","3","https://motion-x-dataset.github.io/","https://www.semanticscholar.org/paper/6ec36e165a73b4f3ef3fd6295c19a9b12e16c649"
"R0011","ego4d","Ego4D","2022","2022—2026主窗口","独立数据集","人类上游数据","true","false","真实人类","人类第一视角","上游","3670","","日常活动、手物交互、社交与记忆","第一视角视频;音频;语言标注","视频+JSON标注","需申请/注册","需签署许可后下载","入口已验证","Ego4D license","","Ego4D (2022)","https://ego4d-data.org/","https://ego4d-data.org/；https://arxiv.org/abs/2110.07058","A","原64项深读台账","","2026-09-02","2002","高影响","858.7","来源与开放状态已核验","论文/数据卡与既有官方来源交叉核验","2","","https://www.semanticscholar.org/paper/848eb8367785910c2fe31372605954ad8f9dfe6c"
"R0041","ego-exo4d","Ego-Exo4D","2023","2022—2026主窗口","独立数据集","人类上游数据","true","false","真实人类","人类全身/手/物体","上游","1286.3","5035","烹饪、运动、音乐、维修、健康等技能活动","同步ego/exo视频;音频;语言;姿态/基准标注","视频+标注+CLI","需申请/注册","签署许可后公开下载","入口已验证","Ego-Exo4D license","","Ego-Exo4D (2023/2024)","https://ego-exo4d-data.org/","https://ego-exo4d-data.org/；https://arxiv.org/abs/2311.18259","A","原64项深读台账","","2026-09-02","571","高影响","725.5","来源与开放状态已核验","论文/数据卡与既有官方来源交叉核验","2","","https://www.semanticscholar.org/paper/2f053d26f76df3327651b65e14d4ea24aa8772fa"
"R0014","hoi4d","HOI4D","2022","2022—2026主窗口","独立数据集","人类上游数据","true","false","真实人类","人类手/上身","上游","","4000","手物交互与工具使用","RGB-D;手姿;物体位姿;动作分割","视频/点云/标注","需申请/注册","需申请/项目下载","入口已验证","研究条款","","HOI4D (2022)","https://hoi4d.github.io/","https://hoi4d.github.io/；https://arxiv.org/abs/2203.01577","A","原64项深读台账","","2026-09-02","402","高影响","666.2","来源与开放状态已核验","论文/数据卡与官方项目入口交叉核验","2","https://hoi4d.github.io/","https://www.semanticscholar.org/paper/2a0b8be3594e8163f9ea4988658223d7c46cfcb3"
"R0092","egodex","EgoDex","2025","2022—2026主窗口","独立数据集","人类上游数据","true","false","大规模第一视角视频","人类手物","上游","","","灵巧操作重建与机器人迁移","","","可直接下载","Hugging Face数据可下载","是","未核验","","EgoDex (2025)","https://huggingface.co/datasets/griffinlabs/EgoDex-LeRobot-v3.0","https://arxiv.org/abs/2505.11709；https://huggingface.co/datasets/griffinlabs/EgoDex-LeRobot-v3.0；https://github.com/apple/ml-egodex","A","OpenAlex+Hugging Face","","2026-09-02","204","高影响","532.3","来源与开放状态已核验","论文/数据卡与官方项目入口交叉核验","3","https://huggingface.co/datasets/griffinlabs/EgoDex-LeRobot-v3.0","https://www.semanticscholar.org/paper/f2025c3ceb4cf9c2034d62ea583d49a7ba356514"
"R0045","holoassist","HoloAssist","2023","2022—2026主窗口","独立数据集","人类上游数据","true","false","第一视角人类交互","人类手/上身","上游","","","真实世界交互式助手","","","需申请/注册","需同意许可后下载","入口已验证","未核验","","HoloAssist (2023)","https://holoassist.github.io/","https://arxiv.org/abs/2309.17024；https://holoassist.github.io/","A","OpenAlex精确题名检索","","2026-09-02","196","较高影响","528.3","来源与开放状态已核验","论文/数据卡与官方项目入口交叉核验","2","https://holoassist.github.io/","https://www.semanticscholar.org/paper/6ec855b6c80a258200e41b65f118c6116ab908a6"
"R0084","hot3d","HOT3D","2024","2022—2026主窗口","独立数据集","人类上游数据","true","false","第一视角多模态","人类手物","上游","","","3D手和物体跟踪","","","可直接下载","数据可下载/按许可","是","未核验","","HOT3D (2024)","https://facebookresearch.github.io/hot3d/","https://arxiv.org/abs/2406.09598；https://facebookresearch.github.io/hot3d/","A","arXiv精确题名检索","","2026-09-02","56","较高影响","404.3","来源与开放状态已核验","论文/数据卡与官方项目入口交叉核验","2","https://facebookresearch.github.io/hot3d/","https://www.semanticscholar.org/paper/4488d4bcca664d0ddb6ea6ecb35b7eb8cc15c00f"
"R0015","humanml3d","HumanML3D","2022","2022—2026主窗口","独立数据集","人类上游数据","true","false","MoCap汇聚","人类全身","上游","28.6","14616","日常全身动作","3D关节/SMPL;文本","NumPy/文本","可直接下载","可下载","是","来源数据条款","","HumanML3D (2022)","https://github.com/EricGuo5513/HumanML3D","https://github.com/EricGuo5513/HumanML3D；https://arxiv.org/abs/2204.05200","A","原64项深读台账","","2026-09-02","7","新近/小众","285.6","来源与开放状态已核验","论文/数据卡与官方项目入口交叉核验","2","https://github.com/EricGuo5513/HumanML3D","https://www.semanticscholar.org/paper/e49a01c44166e1da7b4fb3b4beb1fc7cdf13562e"
"R0136","xperience-10m","Xperience-10M","2026","2022—2026主窗口","独立数据集","可直接用于机器人策略训练","true","true","第一视角人类多模态","人类全身+手物","上游","10000","10000000","人类经验、HOI、空间智能","6视频;音频;深度;相机位姿;手/全身MoCap;IMU;语言","","需申请/注册","受控非商业访问，需签署协议","入口已验证","非商业受控条款","","Xperience-10M (2026)","https://huggingface.co/datasets/ropedia-ai/xperience-10m","https://huggingface.co/datasets/ropedia-ai/xperience-10m","A","Hugging Face机构数据卡","","2026-09-02","0","新近/小众","129.4","来源与开放状态已核验","论文/数据卡与官方项目入口交叉核验","1","https://huggingface.co/datasets/ropedia-ai/xperience-10m",""
"R0108","vitra-1m","VITRA-1M","2025","2022—2026主窗口","独立数据集","人类上游数据","true","false","网络/真实人类视频","人类手","上游","","1200000","大规模灵巧行为片段","视频;语言;相机参数;MANO 3D手","Hugging Face数据集","可直接下载","数据可下载","是","数据卡与上游来源条款","","VITRA-1M (2025)","https://huggingface.co/datasets/VITRA-VLA/VITRA-1M","https://huggingface.co/datasets/VITRA-VLA/VITRA-1M","A","原64项深读台账","","2026-09-02","0","新近/小众","112","来源与开放状态已核验","论文/数据卡与官方项目入口交叉核验","1","https://huggingface.co/datasets/VITRA-VLA/VITRA-1M",""
"R0054","omomo","OMOMO","2023","2022—2026主窗口","独立数据集","人类上游数据","true","false","MoCap/视频","人类全身","上游","","","搬运与全身物体操作","人体动作;物体6D轨迹;接触","项目格式","可直接下载","项目数据开放状态按条款","是","研究条款","","OMOMO (2023)","https://lijiaman.github.io/projects/omomo/","https://lijiaman.github.io/projects/omomo/；https://arxiv.org/abs/2309.02828","A","原64项深读台账","","2026-09-02","2","新近/小众","109.9","来源与开放状态已核验","论文/数据卡与官方项目入口交叉核验","2","https://lijiaman.github.io/projects/omomo/","https://www.semanticscholar.org/paper/fd9e3d9c641ae1a90f52fe07e0830bc05acbc719"
"R0100","motionmillion","MotionMillion","2025","2022—2026主窗口","独立数据集","人类上游数据","true","false","网络视频重建","人类全身","上游","2000","","百万级人类动作与多标签","","WebDataset","需申请/注册","需同意许可后下载","入口已验证","CC BY-NC-SA 4.0","","MotionMillion (2025)","https://huggingface.co/datasets/InternRobotics/MotionMillion","https://huggingface.co/datasets/InternRobotics/MotionMillion","A","Hugging Face机构数据卡","","2026-09-02","0","新近/小众","93.6","来源与开放状态已核验","论文/数据卡与官方项目入口交叉核验","1","https://huggingface.co/datasets/InternRobotics/MotionMillion",""
"R0081","droid","DROID","2024","2022—2026主窗口","独立数据集","可直接用于机器人策略训练","true","true","真实机器人","单臂夹爪","非full-body","350","76000","86类野外操作任务","3路立体RGB;本体状态;动作;语言;标定","RLDS/TFDS；原始数据与视频","可直接下载","完整数据、硬件和训练代码开放","是","项目数据条款","Open X-Embodiment","DROID (2024)","https://droid-dataset.github.io/","https://docs.google.com/spreadsheets/d/1rPBD77tk60AEIGZrGSODwyyzs5FgCU9Uz3h-3_t2A9g/edit#gid=0；https://droid-dataset.github.io/；https://arxiv.org/abs/2403.12945","A","原64项深读台账","","2026-09-02","1004","高影响","1283.1","来源与开放状态已核验","论文/数据卡与官方项目入口交叉核验","3","https://droid-dataset.github.io/","https://www.semanticscholar.org/paper/ee5070fe52fd17da9a89d3f342fb07cc9ae51afe"
"R0032","berkeley-bridge","BridgeData V2","2023","2022—2026主窗口","独立数据集","可直接用于机器人策略训练","true","true","真实机器人","单臂夹爪","非full-body","","60096","抓放、推扫、开关门抽屉、堆叠、布料","多视角RGB;部分深度;语言;状态;动作","JPEG目录；社区RLDS版本","可直接下载","可下载","是","CC BY 4.0","Open X-Embodiment","Berkeley Bridge (2023)；BridgeData V2 (2023)","https://rail-berkeley.github.io/bridgedata/","https://docs.google.com/spreadsheets/d/1rPBD77tk60AEIGZrGSODwyyzs5FgCU9Uz3h-3_t2A9g/edit#gid=0；https://rail-berkeley.github.io/bridgedata/；https://arxiv.org/abs/2308.12952；https://rail-berkeley.github.io/bridgedata","A","原64项深读台账","","2026-09-02","819","高影响","1259","来源与开放状态已核验","论文/数据卡与官方项目入口交叉核验","4","https://rail-berkeley.github.io/bridgedata/","https://www.semanticscholar.org/paper/6a375be82efc01ec4ed73334655935a56ba82d38"
"R0009","calvin","CALVIN","2022","2022—2026主窗口","独立数据集","可直接用于机器人策略训练","true","true","真实机器人+仿真","单臂夹爪","非full-body","24","","长时程语言条件桌面操作","RGB-D;语言;本体状态;动作","HDF5/视频；社区有RLDS版本","可直接下载","可下载","是","项目条款","","CALVIN (2022)","https://github.com/mees/calvin","https://github.com/mees/calvin；https://arxiv.org/abs/2112.03227","A","原64项深读台账","","2026-09-02","725","高影响","716.9","来源与开放状态已核验","论文/数据卡与官方项目入口交叉核验","2","https://github.com/mees/calvin","https://www.semanticscholar.org/paper/4be02694125b71876552900a53c85c47a2a83614"
"R0017","language-table","Language-Table","2022","2022—2026主窗口","独立数据集","可直接用于机器人策略训练","true","true","真实机器人","单臂平面推物","非full-body","","594000","语言条件物体移动","RGB;语言;动作","RLDS/TFDS","可直接下载","可通过TFDS获取","是","Apache-2.0/数据条款","Open X-Embodiment","Language Table (2023)；Language-Table (2022)","https://interactive-language.github.io/","https://docs.google.com/spreadsheets/d/1rPBD77tk60AEIGZrGSODwyyzs5FgCU9Uz3h-3_t2A9g/edit#gid=0；https://interactive-language.github.io/；https://arxiv.org/abs/2210.06407；https://interactive-language.github.io","A","原64项深读台账","","2026-09-02","350","高影响","692.4","来源与开放状态已核验","论文/数据卡与官方项目入口交叉核验","4","https://interactive-language.github.io/","https://www.semanticscholar.org/paper/0e34addae55a571d7efd3a5e2543e86dd7d41a83"
"R0232","mimicgen","MimicGen","2023","2022—2026主窗口","数据生成器","生成管线/可生成训练数据","false","false","仿真","未统一披露","非full-body","","","从少量示范生成长时程操作数据","","","可直接下载","代码与生成数据开放","是","未核验","","MimicGen (2023)","https://mimicgen.github.io","https://arxiv.org/abs/2310.17596；https://mimicgen.github.io","A","arXiv/官方项目","","2026-09-02","424","高影响","605.2","来源与开放状态已核验","论文/数据卡与官方项目入口交叉核验","2","https://mimicgen.github.io","https://www.semanticscholar.org/paper/54f107c7cdffc43490ba18e3e4313a8b4dff4950"
"R0234","dexmimicgen","DexMimicGen","2024","2022—2026主窗口","数据生成器","生成管线/可生成训练数据","false","false","仿真生成","双灵巧手","非full-body","","20000","双手操作与长时程技能","状态;动作;物体位姿;可渲染视觉","robomimic/MimicGen生态","可直接下载","代码与生成数据开放","是","NVIDIA/项目条款","","DexMimicGen (2024)","https://dexmimicgen.github.io/","https://dexmimicgen.github.io/；https://arxiv.org/abs/2410.24185","A","原64项深读台账","","2026-09-02","180","较高影响","599.1","来源与开放状态已核验","论文/数据卡与官方项目入口交叉核验","2","https://dexmimicgen.github.io/","https://www.semanticscholar.org/paper/0713b44a6232651671fd2fe572f892c25808332b"
"R0199","dexcap-dexil","DexCap/DexIL","2024","2022—2026主窗口","采集系统","系统本身不等于数据集","false","false","真实人体+机器人","人体手到机器人灵巧手","非full-body","","","6项野外灵巧操作","点云;手腕/手指姿态;环境3D;人工纠正","项目格式","可直接下载","代码/数据按项目开放","是","项目条款","","DexCap/DexIL (2024)","https://dex-cap.github.io/","https://dex-cap.github.io/；https://arxiv.org/abs/2403.07788；https://dex-cap.github.io","A","原64项深读台账","","2026-09-02","315","高影响","575.6","来源与开放状态已核验","论文/数据卡与官方项目入口交叉核验","3","https://dex-cap.github.io/","https://www.semanticscholar.org/paper/84a351dcc0323aed7fac5755303eb5614fac5f46"
"R0144","libero","LIBERO","2023","2022—2026主窗口","Benchmark/任务库","附带演示","false","false","仿真","单臂夹爪","非full-body","","6500","终身学习与长时程操作","RGB;状态;动作;语言","HDF5；社区RLDS/LeRobot版本","可直接下载","任务与演示可下载","是","MIT/资产条款","","LIBERO (2023)","https://libero-project.github.io/","https://libero-project.github.io/；https://github.com/Lifelong-Robot-Learning/LIBERO","A","原64项深读台账","","2026-09-02","0","高影响","570.2","来源与开放状态已核验","论文/数据卡与官方项目入口交叉核验","2","https://libero-project.github.io/",""
"R0010","dexgraspnet","DexGraspNet","2022","2022—2026主窗口","独立数据集","抓取监督/策略上游","true","false","仿真","未统一披露","非full-body","","","大规模机器人灵巧抓取","","","可直接下载","数据与代码开放","是","未核验","","DexGraspNet (2022)","https://pku-epic.github.io/DexGraspNet/","https://arxiv.org/abs/2210.02697；https://pku-epic.github.io/DexGraspNet/","A","arXiv精确题名检索","未找到可独立核验的2.0正式发布，主表保留可验证的原始DexGraspNet","2026-09-02","277","高影响","562.8","来源与开放状态已核验","论文/数据卡与官方项目入口交叉核验","2","https://pku-epic.github.io/DexGraspNet/","https://www.semanticscholar.org/paper/bdf99df7839c02abf7253e33e67caafa21eda5fd"
"R0139","bi-dexhands","Bi-DexHands","2022","2022—2026主窗口","Benchmark/任务库","任务与评测为主","false","false","仿真","双灵巧手","非full-body","","","双手协作、交接、工具与物体操作","状态;动作;物体位姿","Isaac Gym张量/离线buffer","部分开放/分散获取","代码与部分离线数据可用","部分","MIT","","Bi-DexHands (2022)","https://github.com/PKU-MARL/DexterousHands","https://github.com/PKU-MARL/DexterousHands；https://arxiv.org/abs/2206.08686","A","原64项深读台账","","2026-09-02","205","高影响","532.8","来源与开放状态已核验","论文/数据卡与官方项目入口交叉核验","2","https://github.com/PKU-MARL/DexterousHands","https://www.semanticscholar.org/paper/efa4fa4120e3efe5d7384a7b3428f886de9b6a29"
"R0193","aloha","ALOHA demonstrations","2023","2022—2026主窗口","采集系统","系统本身不等于数据集","false","false","真实机器人","固定双臂","非full-body","","50","精细双臂、插入、开杯、穿线","4路RGB;关节状态;关节动作","HDF5（公开实现）","可直接下载","代码与示例数据开放","是","项目条款","Open X-Embodiment","ALOHA (2023)；ALOHA demonstrations (2023)","https://tonyzhaozh.github.io/aloha/","https://docs.google.com/spreadsheets/d/1rPBD77tk60AEIGZrGSODwyyzs5FgCU9Uz3h-3_t2A9g/edit#gid=0；https://tonyzhaozh.github.io/aloha/；https://github.com/tonyzhaozh/aloha","A","原64项深读台账","","2026-09-02","0","高影响","531.5","来源与开放状态已核验","论文/数据卡与官方项目入口交叉核验","3","https://tonyzhaozh.github.io/aloha/",""
"R0143","homerobot","HomeRobot","2023","2022—2026主窗口","Benchmark/任务库","任务与评测为主","false","false","仿真+真实","未统一披露","非full-body","","","开放词汇移动操作","","","可直接下载","代码与benchmark开放","是","未核验","","HomeRobot (2023)","https://ovmm.github.io/","https://arxiv.org/abs/2306.11565；https://ovmm.github.io/","A","arXiv精确检索","","2026-09-02","156","较高影响","505.6","来源与开放状态已核验","论文/数据卡与官方项目入口交叉核验","2","https://ovmm.github.io/","https://www.semanticscholar.org/paper/3b0c02955e88f5862e61b560c7f70ba8cf235b1d"
"R0001","akb-48","AKB-48","2022","2022—2026主窗口","独立数据集","资产/任务生成上游","true","false","真实关节物体知识库","未统一披露","非full-body","","","48类关节物体资产与标注","","","可直接下载","项目数据开放","是","未核验","","AKB-48 (2022)","https://liuliu66.github.io/articulationobjects/","https://arxiv.org/abs/2202.08432；https://liuliu66.github.io/articulationobjects/","A","OpenAlex精确题名检索","","2026-09-02","136","较高影响","492","来源与开放状态已核验","论文/数据卡与官方项目入口交叉核验","2","https://liuliu66.github.io/articulationobjects/","https://www.semanticscholar.org/paper/2472119fb37004ae338ee3252e3171014d1c5e31"
"R0140","arnold","ARNOLD","2023","2022—2026主窗口","Benchmark/任务库","可直接用于机器人策略训练","false","true","仿真","未统一披露","非full-body","","","语言条件连续控制","","","可直接下载","代码、任务与数据开放","是","未核验","","ARNOLD (2023)","https://arnold-benchmark.github.io","https://arxiv.org/abs/2304.04321；https://arnold-benchmark.github.io","A","arXiv精确检索","","2026-09-02","88","较高影响","448.9","来源与开放状态已核验","论文/数据卡与官方项目入口交叉核验","2","https://arnold-benchmark.github.io","https://www.semanticscholar.org/paper/7a2ec15a7a3e3f54be083aa559ec6f6453e3c9ac"
"R0149","grutopia","GRUtopia","2024","2022—2026主窗口","Benchmark/任务库","可直接用于机器人策略训练","false","true","仿真","未统一披露","非full-body","","","大规模3D场景中的具身智能","","","可直接下载","代码和benchmark开放","是","未核验","","GRUtopia (2024)","https://github.com/OpenRobotLab/GRUtopia","https://arxiv.org/abs/2407.10943；https://github.com/OpenRobotLab/GRUtopia","A","arXiv精确检索","","2026-09-02","73","较高影响","430.4","来源与开放状态已核验","论文/数据卡与官方项目入口交叉核验","2","https://github.com/OpenRobotLab/GRUtopia","https://www.semanticscholar.org/paper/b75f344d962b3b25b64c0c96a86244c4c3c6e490"
"R0044","grasp-anything","Grasp-Anything","2023","2022—2026主窗口","独立数据集","资产/抓取监督上游","true","false","基础模型生成标注","未统一披露","非full-body","","","大规模抓取数据","","","可直接下载","数据与代码开放","是","未核验","","Grasp-Anything (2023)","https://grasp-anything-2023.github.io","https://arxiv.org/abs/2309.09818；https://grasp-anything-2023.github.io","A","arXiv精确题名检索","","2026-09-02","72","较高影响","429","来源与开放状态已核验","论文/数据卡与官方项目入口交叉核验","2","https://grasp-anything-2023.github.io","https://www.semanticscholar.org/paper/570b125788bb43384def312127a0af1b4b13f443"
"R0185","robodojo","RoboDojo","2026","2022—2026主窗口","Benchmark/任务库","任务与评测为主","false","false","仿真+真实标准化评测","通用机器人操作平台","非full-body","","","42仿真任务+18真实任务；通用操作策略评测","","","部分开放/分散获取","项目、远程真实评测与排行榜公开","部分","未核验","","RoboDojo (2026)","http://robodojo-benchmark.com/","https://arxiv.org/abs/2607.04434；http://robodojo-benchmark.com/","A","2026年7—8月arXiv完整增量审计","","2026-09-02","10","成长中","239.8","来源与开放状态已核验","论文/数据卡与官方项目入口交叉核验","2","http://robodojo-benchmark.com/","https://www.semanticscholar.org/paper/697fee3831e3bebd5052c607383bd42a0b50e9dd"
"R0162","teleopbench","TeleOpBench","2025","2022—2026主窗口","Benchmark/任务库","可直接用于机器人策略训练","false","true","仿真","双臂灵巧操作","非full-body","","","双臂灵巧遥操作评测","","","可直接下载","代码/benchmark按项目开放","是","未核验","","TeleOpBench (2025)","https://github.com/cyjdlhy/TeleOpBench","https://arxiv.org/abs/2505.12748；https://github.com/cyjdlhy/TeleOpBench","A","OpenAlex精确题名检索","","2026-09-02","5","新近/小众","179.2","来源与开放状态已核验","论文/数据卡与官方项目入口交叉核验","2","https://github.com/cyjdlhy/TeleOpBench","https://www.semanticscholar.org/paper/04a8f0bc333d7883e8559d1d8c2b9f2126b4cbd0"
"R0099","interndata-a1","InternData-A1","2025","2022—2026主窗口","独立数据集","可直接用于机器人策略训练","true","true","未统一披露","未统一披露","非full-body","7433","630000","18技能、70任务、227场景","synthetic+real;视觉;状态;动作","LeRobot 2.1/3.0","需申请/注册","需同意社区许可后下载","入口已验证","CC BY-NC-SA 4.0","","InternData-A1 (2025)","https://huggingface.co/datasets/InternRobotics/InternData-A1","https://huggingface.co/datasets/InternRobotics/InternData-A1","A","Hugging Face机构数据卡","","2026-09-02","0","新近/小众","111.1","来源与开放状态已核验","论文/数据卡与官方项目入口交叉核验","1","https://huggingface.co/datasets/InternRobotics/InternData-A1",""
"R0076","vima","VIMA","2023","2022—2026主窗口","独立数据集","机器人episode/策略数据","true","true","Open X来源数据","Single Arm","非full-body","","660103","Open X子数据集；任务口径依来源","视觉/状态/动作，依来源而异","RLDS/TFDS","可直接下载","可从Open X注册清单获取","是","各来源许可证","Open X-Embodiment","VIMA (2023)","https://robotics-transformer-x.github.io/","https://docs.google.com/spreadsheets/d/1rPBD77tk60AEIGZrGSODwyyzs5FgCU9Uz3h-3_t2A9g/edit#gid=0","A","Open X官方表","","2026-09-02","0","新近/小众","107.2","来源与开放状态已核验","机构数据卡或官方数据入口核验","1","",""
"R0250","interndata-n1","InternData-N1","2025","2022—2026主窗口","聚合/混合/内部数据","聚合导航训练数据","false","false","未统一披露","未统一披露","非full-body","","240000","VLN-CE/VLN-PE/VLN-N1，3000+场景","","LeRobot 2.1","需申请/注册","需同意社区许可后下载","入口已验证","CC BY-NC-SA 4.0","","InternData-N1 (2025)","https://huggingface.co/datasets/InternRobotics/InternData-N1","https://huggingface.co/datasets/InternRobotics/InternData-N1","A","Hugging Face机构数据卡","","2026-09-02","0","新近/小众","99.1","来源与开放状态已核验","论文/数据卡与官方项目入口交叉核验","1","https://huggingface.co/datasets/InternRobotics/InternData-N1",""
"R0063","spoc","SPOC","2023","2022—2026主窗口","独立数据集","机器人episode/策略数据","true","true","Open X来源数据","Single Arm","非full-body","","233000","Open X子数据集；任务口径依来源","视觉/状态/动作，依来源而异","RLDS/TFDS","可直接下载","可从Open X注册清单获取","是","各来源许可证","Open X-Embodiment","SPOC (2023)","https://robotics-transformer-x.github.io/","https://docs.google.com/spreadsheets/d/1rPBD77tk60AEIGZrGSODwyyzs5FgCU9Uz3h-3_t2A9g/edit#gid=0","A","Open X官方表","","2026-09-02","0","新近/小众","98.9","来源与开放状态已核验","机构数据卡或官方数据入口核验","1","",""
"R0060","robovqa","RoboVQA","2023","2022—2026主窗口","独立数据集","机器人episode/策略数据","true","true","Open X来源数据","3 embodiments: single-armed robot, single-armed human, single-armed human using grasping tools","非full-body","","61153","Open X子数据集；任务口径依来源","视觉/状态/动作，依来源而异","RLDS/TFDS","可直接下载","可从Open X注册清单获取","是","各来源许可证","Open X-Embodiment","RoboVQA (2023)","https://robotics-transformer-x.github.io/","https://docs.google.com/spreadsheets/d/1rPBD77tk60AEIGZrGSODwyyzs5FgCU9Uz3h-3_t2A9g/edit#gid=0","A","Open X官方表","","2026-09-02","0","新近/小众","88.2","来源与开放状态已核验","机构数据卡或官方数据入口核验","1","",""
"R0022","stanford-maskvit-data","Stanford MaskVIT Data","2022","2022—2026主窗口","独立数据集","机器人episode/策略数据","true","true","Open X来源数据","Single Arm","非full-body","","9200","Open X子数据集；任务口径依来源","视觉/状态/动作，依来源而异","RLDS/TFDS","可直接下载","可从Open X注册清单获取","是","各来源许可证","Open X-Embodiment","Stanford MaskVIT Data (2022)","https://robotics-transformer-x.github.io/","https://docs.google.com/spreadsheets/d/1rPBD77tk60AEIGZrGSODwyyzs5FgCU9Uz3h-3_t2A9g/edit#gid=0","A","Open X官方表","","2026-09-02","0","新近/小众","73","来源与开放状态已核验","机构数据卡或官方数据入口核验","1","",""
"R0040","dobbe","DobbE","2023","2022—2026主窗口","独立数据集","机器人episode/策略数据","true","true","Open X来源数据","Mobile Manipulator","非full-body","","5208","Open X子数据集；任务口径依来源","视觉/状态/动作，依来源而异","RLDS/TFDS","可直接下载","可从Open X注册清单获取","是","各来源许可证","Open X-Embodiment","DobbE (2023)","https://robotics-transformer-x.github.io/","https://docs.google.com/spreadsheets/d/1rPBD77tk60AEIGZrGSODwyyzs5FgCU9Uz3h-3_t2A9g/edit#gid=0","A","Open X官方表","","2026-09-02","0","新近/小众","68.5","来源与开放状态已核验","机构数据卡或官方数据入口核验","1","",""
"R0043","furniture-bench","Furniture Bench","2023","2022—2026主窗口","独立数据集","机器人episode/策略数据","true","true","Open X来源数据","Single Arm","非full-body","","5100","Open X子数据集；任务口径依来源","视觉/状态/动作，依来源而异","RLDS/TFDS","可直接下载","可从Open X注册清单获取","是","各来源许可证","Open X-Embodiment","Furniture Bench (2023)","https://robotics-transformer-x.github.io/","https://docs.google.com/spreadsheets/d/1rPBD77tk60AEIGZrGSODwyyzs5FgCU9Uz3h-3_t2A9g/edit#gid=0","A","Open X官方表","","2026-09-02","0","新近/小众","68.3","来源与开放状态已核验","机构数据卡或官方数据入口核验","1","",""
"R0048","io-ai-office-picknplace","IO-AI Office PicknPlace","2023","2022—2026主窗口","独立数据集","机器人episode/策略数据","true","true","Open X来源数据","Human","非full-body","","3847","Open X子数据集；任务口径依来源","视觉/状态/动作，依来源而异","RLDS/TFDS","可直接下载","可从Open X注册清单获取","是","各来源许可证","Open X-Embodiment","IO-AI Office PicknPlace (2023)","https://robotics-transformer-x.github.io/","https://docs.google.com/spreadsheets/d/1rPBD77tk60AEIGZrGSODwyyzs5FgCU9Uz3h-3_t2A9g/edit#gid=0","A","Open X官方表","","2026-09-02","0","新近/小众","66","来源与开放状态已核验","机构数据卡或官方数据入口核验","1","",""
"R0012","freiburg-franka-play","Freiburg Franka Play","2022","2022—2026主窗口","独立数据集","机器人episode/策略数据","true","true","Open X来源数据","Single Arm","非full-body","","3242","Open X子数据集；任务口径依来源","视觉/状态/动作，依来源而异","RLDS/TFDS","可直接下载","可从Open X注册清单获取","是","各来源许可证","Open X-Embodiment","Freiburg Franka Play (2022)","https://robotics-transformer-x.github.io/","https://docs.google.com/spreadsheets/d/1rPBD77tk60AEIGZrGSODwyyzs5FgCU9Uz3h-3_t2A9g/edit#gid=0","A","Open X官方表","","2026-09-02","0","新近/小众","64.7","来源与开放状态已核验","机构数据卡或官方数据入口核验","1","",""
"R0061","sacson","SACSoN","2023","2022—2026主窗口","独立数据集","机器人episode/策略数据","true","true","Open X来源数据","Wheeled Robot","非full-body","","3000","Open X子数据集；任务口径依来源","视觉/状态/动作，依来源而异","RLDS/TFDS","可直接下载","可从Open X注册清单获取","是","各来源许可证","Open X-Embodiment","SACSoN (2023)","https://robotics-transformer-x.github.io/","https://docs.google.com/spreadsheets/d/1rPBD77tk60AEIGZrGSODwyyzs5FgCU9Uz3h-3_t2A9g/edit#gid=0","A","Open X官方表","","2026-09-02","0","新近/小众","64.1","来源与开放状态已核验","机构数据卡或官方数据入口核验","1","",""
"R0065","stanford-robocook","Stanford Robocook","2023","2022—2026主窗口","独立数据集","机器人episode/策略数据","true","true","Open X来源数据","Single Arm","非full-body","","2460","Open X子数据集；任务口径依来源","视觉/状态/动作，依来源而异","RLDS/TFDS","可直接下载","可从Open X注册清单获取","是","各来源许可证","Open X-Embodiment","Stanford Robocook (2023)","https://robotics-transformer-x.github.io/","https://docs.google.com/spreadsheets/d/1rPBD77tk60AEIGZrGSODwyyzs5FgCU9Uz3h-3_t2A9g/edit#gid=0","A","Open X官方表","","2026-09-02","0","新近/小众","62.5","来源与开放状态已核验","机构数据卡或官方数据入口核验","1","",""
"R0082","fmb","FMB","2024","2022—2026主窗口","独立数据集","机器人episode/策略数据","true","true","Open X来源数据","Single Arm","非full-body","","1804","Open X子数据集；任务口径依来源","视觉/状态/动作，依来源而异","RLDS/TFDS","可直接下载","可从Open X注册清单获取","是","各来源许可证","Open X-Embodiment","FMB (2024)","https://robotics-transformer-x.github.io/","https://docs.google.com/spreadsheets/d/1rPBD77tk60AEIGZrGSODwyyzs5FgCU9Uz3h-3_t2A9g/edit#gid=0","A","Open X官方表","","2026-09-02","0","新近/小众","60","来源与开放状态已核验","机构数据卡或官方数据入口核验","1","",""
"R0026","austin-mutex","Austin Mutex","2023","2022—2026主窗口","独立数据集","机器人episode/策略数据","true","true","Open X来源数据","Single Arm","非full-body","","1500","Open X子数据集；任务口径依来源","视觉/状态/动作，依来源而异","RLDS/TFDS","可直接下载","可从Open X注册清单获取","是","各来源许可证","Open X-Embodiment","Austin Mutex (2023)","https://robotics-transformer-x.github.io/","https://docs.google.com/spreadsheets/d/1rPBD77tk60AEIGZrGSODwyyzs5FgCU9Uz3h-3_t2A9g/edit#gid=0","A","Open X官方表","","2026-09-02","0","新近/小众","58.5","来源与开放状态已核验","机构数据卡或官方数据入口核验","1","",""
"R0029","berkeley-cable-routing","Berkeley Cable Routing","2023","2022—2026主窗口","独立数据集","机器人episode/策略数据","true","true","Open X来源数据","Single Arm","非full-body","","1482","Open X子数据集；任务口径依来源","视觉/状态/动作，依来源而异","RLDS/TFDS","可直接下载","可从Open X注册清单获取","是","各来源许可证","Open X-Embodiment","Berkeley Cable Routing (2023)","https://robotics-transformer-x.github.io/","https://docs.google.com/spreadsheets/d/1rPBD77tk60AEIGZrGSODwyyzs5FgCU9Uz3h-3_t2A9g/edit#gid=0","A","Open X官方表","","2026-09-02","0","新近/小众","58.4","来源与开放状态已核验","机构数据卡或官方数据入口核验","1","",""
"R0071","ucsd-pick-place","UCSD Pick Place","2023","2022—2026主窗口","独立数据集","机器人episode/策略数据","true","true","Open X来源数据","Single Arm","非full-body","","1355","Open X子数据集；任务口径依来源","视觉/状态/动作，依来源而异","RLDS/TFDS","可直接下载","可从Open X注册清单获取","是","各来源许可证","Open X-Embodiment","UCSD Pick Place (2023)","https://robotics-transformer-x.github.io/","https://docs.google.com/spreadsheets/d/1rPBD77tk60AEIGZrGSODwyyzs5FgCU9Uz3h-3_t2A9g/edit#gid=0","A","Open X官方表","","2026-09-02","0","新近/小众","57.7","来源与开放状态已核验","机构数据卡或官方数据入口核验","1","",""
"R0023","usc-cloth-sim","USC Cloth Sim","2022","2022—2026主窗口","独立数据集","机器人episode/策略数据","true","true","Open X来源数据","Single Arm","非full-body","","1000","Open X子数据集；任务口径依来源","视觉/状态/动作，依来源而异","RLDS/TFDS","可直接下载","可从Open X注册清单获取","是","各来源许可证","Open X-Embodiment","USC Cloth Sim (2022)","https://robotics-transformer-x.github.io/","https://docs.google.com/spreadsheets/d/1rPBD77tk60AEIGZrGSODwyyzs5FgCU9Uz3h-3_t2A9g/edit#gid=0","A","Open X官方表","","2026-09-02","0","新近/小众","55.3","来源与开放状态已核验","机构数据卡或官方数据入口核验","1","",""
"R0073","usc-jaco-play","USC Jaco Play","2023","2022—2026主窗口","独立数据集","机器人episode/策略数据","true","true","Open X来源数据","Single Arm","非full-body","","976","Open X子数据集；任务口径依来源","视觉/状态/动作，依来源而异","RLDS/TFDS","可直接下载","可从Open X注册清单获取","是","各来源许可证","Open X-Embodiment","USC Jaco Play (2023)","https://robotics-transformer-x.github.io/","https://docs.google.com/spreadsheets/d/1rPBD77tk60AEIGZrGSODwyyzs5FgCU9Uz3h-3_t2A9g/edit#gid=0","A","Open X官方表","","2026-09-02","0","新近/小众","55.1","来源与开放状态已核验","机构数据卡或官方数据入口核验","1","",""
"R0031","berkeley-rpt-data","Berkeley RPT Data","2023","2022—2026主窗口","独立数据集","机器人episode/策略数据","true","true","Open X来源数据","Single Arm","非full-body","","960","Open X子数据集；任务口径依来源","视觉/状态/动作，依来源而异","RLDS/TFDS","可直接下载","可从Open X注册清单获取","是","各来源许可证","Open X-Embodiment","Berkeley RPT Data (2023)","https://robotics-transformer-x.github.io/","https://docs.google.com/spreadsheets/d/1rPBD77tk60AEIGZrGSODwyyzs5FgCU9Uz3h-3_t2A9g/edit#gid=0","A","Open X官方表","","2026-09-02","0","新近/小众","54.9","来源与开放状态已核验","机构数据卡或官方数据入口核验","1","",""
"R0028","berkeley-autolab-ur5","Berkeley Autolab UR5","2023","2022—2026主窗口","独立数据集","机器人episode/策略数据","true","true","Open X来源数据","Single Arm","非full-body","","896","Open X子数据集；任务口径依来源","视觉/状态/动作，依来源而异","RLDS/TFDS","可直接下载","可从Open X注册清单获取","是","各来源许可证","Open X-Embodiment","Berkeley Autolab UR5 (2023)","https://robotics-transformer-x.github.io/","https://docs.google.com/spreadsheets/d/1rPBD77tk60AEIGZrGSODwyyzs5FgCU9Uz3h-3_t2A9g/edit#gid=0","A","Open X官方表","","2026-09-02","0","新近/小众","54.4","来源与开放状态已核验","机构数据卡或官方数据入口核验","1","",""
"R0069","toto-benchmark","TOTO Benchmark","2023","2022—2026主窗口","独立数据集","机器人episode/策略数据","true","true","Open X来源数据","Single Arm","非full-body","","901","Open X子数据集；任务口径依来源","视觉/状态/动作，依来源而异","RLDS/TFDS","可直接下载","可从Open X注册清单获取","是","各来源许可证","Open X-Embodiment","TOTO Benchmark (2023)","https://robotics-transformer-x.github.io/","https://docs.google.com/spreadsheets/d/1rPBD77tk60AEIGZrGSODwyyzs5FgCU9Uz3h-3_t2A9g/edit#gid=0","A","Open X官方表","","2026-09-02","0","新近/小众","54.4","来源与开放状态已核验","机构数据卡或官方数据入口核验","1","",""
"R0027","austin-sirius","Austin Sirius","2023","2022—2026主窗口","独立数据集","机器人episode/策略数据","true","true","Open X来源数据","Single Arm","非full-body","","600","Open X子数据集；任务口径依来源","视觉/状态/动作，依来源而异","RLDS/TFDS","可直接下载","可从Open X注册清单获取","是","各来源许可证","Open X-Embodiment","Austin Sirius (2023)","https://robotics-transformer-x.github.io/","https://docs.google.com/spreadsheets/d/1rPBD77tk60AEIGZrGSODwyyzs5FgCU9Uz3h-3_t2A9g/edit#gid=0","A","Open X官方表","","2026-09-02","0","新近/小众","51.2","来源与开放状态已核验","机构数据卡或官方数据入口核验","1","",""
"R0035","cmu-play-fusion","CMU Play Fusion","2023","2022—2026主窗口","独立数据集","机器人episode/策略数据","true","true","Open X来源数据","Single Arm","非full-body","","576","Open X子数据集；任务口径依来源","视觉/状态/动作，依来源而异","RLDS/TFDS","可直接下载","可从Open X注册清单获取","是","各来源许可证","Open X-Embodiment","CMU Play Fusion (2023)","https://robotics-transformer-x.github.io/","https://docs.google.com/spreadsheets/d/1rPBD77tk60AEIGZrGSODwyyzs5FgCU9Uz3h-3_t2A9g/edit#gid=0","A","Open X官方表","","2026-09-02","0","新近/小众","50.9","来源与开放状态已核验","机构数据卡或官方数据入口核验","1","",""
"R0064","stanford-hydra","Stanford HYDRA","2023","2022—2026主窗口","独立数据集","机器人episode/策略数据","true","true","Open X来源数据","Single Arm","非full-body","","550","Open X子数据集；任务口径依来源","视觉/状态/动作，依来源而异","RLDS/TFDS","可直接下载","可从Open X注册清单获取","是","各来源许可证","Open X-Embodiment","Stanford HYDRA (2023)","https://robotics-transformer-x.github.io/","https://docs.google.com/spreadsheets/d/1rPBD77tk60AEIGZrGSODwyyzs5FgCU9Uz3h-3_t2A9g/edit#gid=0","A","Open X官方表","","2026-09-02","0","新近/小众","50.5","来源与开放状态已核验","机构数据卡或官方数据入口核验","1","",""
"R0034","cmu-franka-pick-insert-data","CMU Franka Pick-Insert Data","2023","2022—2026主窗口","独立数据集","机器人episode/策略数据","true","true","Open X来源数据","Single Arm","非full-body","","520","Open X子数据集；任务口径依来源","视觉/状态/动作，依来源而异","RLDS/TFDS","可直接下载","可从Open X注册清单获取","是","各来源许可证","Open X-Embodiment","CMU Franka Pick-Insert Data (2023)","https://robotics-transformer-x.github.io/","https://docs.google.com/spreadsheets/d/1rPBD77tk60AEIGZrGSODwyyzs5FgCU9Uz3h-3_t2A9g/edit#gid=0","A","Open X官方表","","2026-09-02","0","新近/小众","50","来源与开放状态已核验","机构数据卡或官方数据入口核验","1","",""
"R0008","berkeley-mvp-data","Berkeley MVP Data","2022","2022—2026主窗口","独立数据集","机器人episode/策略数据","true","true","Open X来源数据","Single Arm","非full-body","","480","Open X子数据集；任务口径依来源","视觉/状态/动作，依来源而异","RLDS/TFDS","可直接下载","可从Open X注册清单获取","是","各来源许可证","Open X-Embodiment","Berkeley MVP Data (2022)","https://robotics-transformer-x.github.io/","https://docs.google.com/spreadsheets/d/1rPBD77tk60AEIGZrGSODwyyzs5FgCU9Uz3h-3_t2A9g/edit#gid=0","A","Open X官方表","","2026-09-02","0","新近/小众","49.4","来源与开放状态已核验","机构数据卡或官方数据入口核验","1","",""
"R0020","nyu-franka-play","NYU Franka Play","2022","2022—2026主窗口","独立数据集","机器人episode/策略数据","true","true","Open X来源数据","Single Arm","非full-body","","456","Open X子数据集；任务口径依来源","视觉/状态/动作，依来源而异","RLDS/TFDS","可直接下载","可从Open X注册清单获取","是","各来源许可证","Open X-Embodiment","NYU Franka Play (2022)","https://robotics-transformer-x.github.io/","https://docs.google.com/spreadsheets/d/1rPBD77tk60AEIGZrGSODwyyzs5FgCU9Uz3h-3_t2A9g/edit#gid=0","A","Open X官方表","","2026-09-02","0","新近/小众","49","来源与开放状态已核验","机构数据卡或官方数据入口核验","1","",""
"R0055","plex-robosuite","Plex RoboSuite","2023","2022—2026主窗口","独立数据集","机器人episode/策略数据","true","true","Open X来源数据","Single Arm","非full-body","","450","Open X子数据集；任务口径依来源","视觉/状态/动作，依来源而异","RLDS/TFDS","可直接下载","可从Open X注册清单获取","是","各来源许可证","Open X-Embodiment","Plex RoboSuite (2023)","https://robotics-transformer-x.github.io/","https://docs.google.com/spreadsheets/d/1rPBD77tk60AEIGZrGSODwyyzs5FgCU9Uz3h-3_t2A9g/edit#gid=0","A","Open X官方表","","2026-09-02","0","新近/小众","48.9","来源与开放状态已核验","机构数据卡或官方数据入口核验","1","",""
"R0030","berkeley-fanuc-manipulation","Berkeley Fanuc Manipulation","2023","2022—2026主窗口","独立数据集","机器人episode/策略数据","true","true","Open X来源数据","Single Arm","非full-body","","415","Open X子数据集；任务口径依来源","视觉/状态/动作，依来源而异","RLDS/TFDS","可直接下载","可从Open X注册清单获取","是","各来源许可证","Open X-Embodiment","Berkeley Fanuc Manipulation (2023)","https://robotics-transformer-x.github.io/","https://docs.google.com/spreadsheets/d/1rPBD77tk60AEIGZrGSODwyyzs5FgCU9Uz3h-3_t2A9g/edit#gid=0","A","Open X官方表","","2026-09-02","0","新近/小众","48.2","来源与开放状态已核验","机构数据卡或官方数据入口核验","1","",""
"R0050","mimicplay","MimicPlay","2023","2022—2026主窗口","独立数据集","机器人episode/策略数据","true","true","Open X来源数据","Single Arm","非full-body","","378","Open X子数据集；任务口径依来源","视觉/状态/动作，依来源而异","RLDS/TFDS","可直接下载","可从Open X注册清单获取","是","各来源许可证","Open X-Embodiment","MimicPlay (2023)","https://robotics-transformer-x.github.io/","https://docs.google.com/spreadsheets/d/1rPBD77tk60AEIGZrGSODwyyzs5FgCU9Uz3h-3_t2A9g/edit#gid=0","A","Open X官方表","","2026-09-02","0","新近/小众","47.5","来源与开放状态已核验","机构数据卡或官方数据入口核验","1","",""
"R0005","austin-sailor","Austin Sailor","2022","2022—2026主窗口","独立数据集","机器人episode/策略数据","true","true","Open X来源数据","Single Arm","非full-body","","250","Open X子数据集；任务口径依来源","视觉/状态/动作，依来源而异","RLDS/TFDS","可直接下载","可从Open X注册清单获取","是","各来源许可证","Open X-Embodiment","Austin Sailor (2022)","https://robotics-transformer-x.github.io/","https://docs.google.com/spreadsheets/d/1rPBD77tk60AEIGZrGSODwyyzs5FgCU9Uz3h-3_t2A9g/edit#gid=0","A","Open X官方表","","2026-09-02","0","新近/小众","44.2","来源与开放状态已核验","机构数据卡或官方数据入口核验","1","",""
"R0049","kaist-nonprehensile-objects","KAIST Nonprehensile Objects","2023","2022—2026主窗口","独立数据集","机器人episode/策略数据","true","true","Open X来源数据","Single Arm","非full-body","","201","Open X子数据集；任务口径依来源","视觉/状态/动作，依来源而异","RLDS/TFDS","可直接下载","可从Open X注册清单获取","是","各来源许可证","Open X-Embodiment","KAIST Nonprehensile Objects (2023)","https://robotics-transformer-x.github.io/","https://docs.google.com/spreadsheets/d/1rPBD77tk60AEIGZrGSODwyyzs5FgCU9Uz3h-3_t2A9g/edit#gid=0","A","Open X官方表","","2026-09-02","0","新近/小众","42.5","来源与开放状态已核验","机构数据卡或官方数据入口核验","1","",""
"R0033","cmu-franka-exploration","CMU Franka Exploration","2023","2022—2026主窗口","独立数据集","机器人episode/策略数据","true","true","Open X来源数据","Single Arm","非full-body","","200","Open X子数据集；任务口径依来源","视觉/状态/动作，依来源而异","RLDS/TFDS","可直接下载","可从Open X注册清单获取","是","各来源许可证","Open X-Embodiment","CMU Franka Exploration (2023)","https://robotics-transformer-x.github.io/","https://docs.google.com/spreadsheets/d/1rPBD77tk60AEIGZrGSODwyyzs5FgCU9Uz3h-3_t2A9g/edit#gid=0","A","Open X官方表","","2026-09-02","0","新近/小众","42.4","来源与开放状态已核验","机构数据卡或官方数据入口核验","1","",""
"R0056","qut-dexterous-manpulation","QUT Dexterous Manpulation","2023","2022—2026主窗口","独立数据集","机器人episode/策略数据","true","true","Open X来源数据","Mobile Manipulator","非full-body","","200","Open X子数据集；任务口径依来源","视觉/状态/动作，依来源而异","RLDS/TFDS","可直接下载","可从Open X注册清单获取","是","各来源许可证","Open X-Embodiment","QUT Dexterous Manpulation (2023)","https://robotics-transformer-x.github.io/","https://docs.google.com/spreadsheets/d/1rPBD77tk60AEIGZrGSODwyyzs5FgCU9Uz3h-3_t2A9g/edit#gid=0","A","Open X官方表","","2026-09-02","0","新近/小众","42.4","来源与开放状态已核验","机构数据卡或官方数据入口核验","1","",""
"R0072","uiuc-d3field","UIUC D3Field","2023","2022—2026主窗口","独立数据集","机器人episode/策略数据","true","true","Open X来源数据","Single Arm","非full-body","","196","Open X子数据集；任务口径依来源","视觉/状态/动作，依来源而异","RLDS/TFDS","可直接下载","可从Open X注册清单获取","是","各来源许可证","Open X-Embodiment","UIUC D3Field (2023)","https://robotics-transformer-x.github.io/","https://docs.google.com/spreadsheets/d/1rPBD77tk60AEIGZrGSODwyyzs5FgCU9Uz3h-3_t2A9g/edit#gid=0","A","Open X官方表","","2026-09-02","0","新近/小众","42.3","来源与开放状态已核验","机构数据卡或官方数据入口核验","1","",""
"R0068","tokyo-pr2-tabletop-manipulation","Tokyo PR2 Tabletop Manipulation","2023","2022—2026主窗口","独立数据集","机器人episode/策略数据","true","true","Open X来源数据","Single Arm","非full-body","","192","Open X子数据集；任务口径依来源","视觉/状态/动作，依来源而异","RLDS/TFDS","可直接下载","可从Open X注册清单获取","是","各来源许可证","Open X-Embodiment","Tokyo PR2 Tabletop Manipulation (2023)","https://robotics-transformer-x.github.io/","https://docs.google.com/spreadsheets/d/1rPBD77tk60AEIGZrGSODwyyzs5FgCU9Uz3h-3_t2A9g/edit#gid=0","A","Open X官方表","","2026-09-02","0","新近/小众","42.1","来源与开放状态已核验","机构数据卡或官方数据入口核验","1","",""
"R0046","imperial-wrist-cam","Imperial Wrist Cam","2023","2022—2026主窗口","独立数据集","机器人episode/策略数据","true","true","Open X来源数据","Single Arm","非full-body","","170","Open X子数据集；任务口径依来源","视觉/状态/动作，依来源而异","RLDS/TFDS","可直接下载","可从Open X注册清单获取","是","各来源许可证","Open X-Embodiment","Imperial Wrist Cam (2023)","https://robotics-transformer-x.github.io/","https://docs.google.com/spreadsheets/d/1rPBD77tk60AEIGZrGSODwyyzs5FgCU9Uz3h-3_t2A9g/edit#gid=0","A","Open X官方表","","2026-09-02","0","新近/小众","41.1","来源与开放状态已核验","机构数据卡或官方数据入口核验","1","",""
"R0070","ucsd-kitchen","UCSD Kitchen","2023","2022—2026主窗口","独立数据集","机器人episode/策略数据","true","true","Open X来源数据","Single Arm","非full-body","","150","Open X子数据集；任务口径依来源","视觉/状态/动作，依来源而异","RLDS/TFDS","可直接下载","可从Open X注册清单获取","是","各来源许可证","Open X-Embodiment","UCSD Kitchen (2023)","https://robotics-transformer-x.github.io/","https://docs.google.com/spreadsheets/d/1rPBD77tk60AEIGZrGSODwyyzs5FgCU9Uz3h-3_t2A9g/edit#gid=0","A","Open X官方表","","2026-09-02","0","新近/小众","40.1","来源与开放状态已核验","机构数据卡或官方数据入口核验","1","",""
"R0079","conqhose","ConqHose","2024","2022—2026主窗口","独立数据集","机器人episode/策略数据","true","true","Open X来源数据","Mobile Manipulator","非full-body","","139","Open X子数据集；任务口径依来源","视觉/状态/动作，依来源而异","RLDS/TFDS","可直接下载","可从Open X注册清单获取","是","各来源许可证","Open X-Embodiment","ConqHose (2024)","https://robotics-transformer-x.github.io/","https://docs.google.com/spreadsheets/d/1rPBD77tk60AEIGZrGSODwyyzs5FgCU9Uz3h-3_t2A9g/edit#gid=0","A","Open X官方表","","2026-09-02","0","新近/小众","39.5","来源与开放状态已核验","机构数据卡或官方数据入口核验","1","",""
"R0006","austin-viola","Austin VIOLA","2022","2022—2026主窗口","独立数据集","机器人episode/策略数据","true","true","Open X来源数据","Single Arm","非full-body","","135","Open X子数据集；任务口径依来源","视觉/状态/动作，依来源而异","RLDS/TFDS","可直接下载","可从Open X注册清单获取","是","各来源许可证","Open X-Embodiment","Austin VIOLA (2022)","https://robotics-transformer-x.github.io/","https://docs.google.com/spreadsheets/d/1rPBD77tk60AEIGZrGSODwyyzs5FgCU9Uz3h-3_t2A9g/edit#gid=0","A","Open X官方表","","2026-09-02","0","新近/小众","39.3","来源与开放状态已核验","机构数据卡或官方数据入口核验","1","",""
"R0036","cmu-stretch","CMU Stretch","2023","2022—2026主窗口","独立数据集","机器人episode/策略数据","true","true","Open X来源数据","Mobile Manipulator","非full-body","","135","Open X子数据集；任务口径依来源","视觉/状态/动作，依来源而异","RLDS/TFDS","可直接下载","可从Open X注册清单获取","是","各来源许可证","Open X-Embodiment","CMU Stretch (2023)","https://robotics-transformer-x.github.io/","https://docs.google.com/spreadsheets/d/1rPBD77tk60AEIGZrGSODwyyzs5FgCU9Uz3h-3_t2A9g/edit#gid=0","A","Open X官方表","","2026-09-02","0","新近/小众","39.3","来源与开放状态已核验","机构数据卡或官方数据入口核验","1","",""
"R0037","columbia-pusht-dataset","Columbia PushT Dataset","2023","2022—2026主窗口","独立数据集","机器人episode/策略数据","true","true","Open X来源数据","Single Arm","非full-body","","122","Open X子数据集；任务口径依来源","视觉/状态/动作，依来源而异","RLDS/TFDS","可直接下载","可从Open X注册清单获取","是","各来源许可证","Open X-Embodiment","Columbia PushT Dataset (2023)","https://robotics-transformer-x.github.io/","https://docs.google.com/spreadsheets/d/1rPBD77tk60AEIGZrGSODwyyzs5FgCU9Uz3h-3_t2A9g/edit#gid=0","A","Open X官方表","","2026-09-02","0","新近/小众","38.5","来源与开放状态已核验","机构数据卡或官方数据入口核验","1","",""
"R0042","eth-agent-affordances","ETH Agent Affordances","2023","2022—2026主窗口","独立数据集","机器人episode/策略数据","true","true","Open X来源数据","Mobile Manipulator","非full-body","","120","Open X子数据集；任务口径依来源","视觉/状态/动作，依来源而异","RLDS/TFDS","可直接下载","可从Open X注册清单获取","是","各来源许可证","Open X-Embodiment","ETH Agent Affordances (2023)","https://robotics-transformer-x.github.io/","https://docs.google.com/spreadsheets/d/1rPBD77tk60AEIGZrGSODwyyzs5FgCU9Uz3h-3_t2A9g/edit#gid=0","A","Open X官方表","","2026-09-02","0","新近/小众","38.4","来源与开放状态已核验","机构数据卡或官方数据入口核验","1","",""
"R0025","asu-tabletop-manipulation","ASU TableTop Manipulation","2023","2022—2026主窗口","独立数据集","机器人episode/策略数据","true","true","Open X来源数据","Single Arm","非full-body","","110","Open X子数据集；任务口径依来源","视觉/状态/动作，依来源而异","RLDS/TFDS","可直接下载","可从Open X注册清单获取","是","各来源许可证","Open X-Embodiment","ASU TableTop Manipulation (2023)","https://robotics-transformer-x.github.io/","https://docs.google.com/spreadsheets/d/1rPBD77tk60AEIGZrGSODwyyzs5FgCU9Uz3h-3_t2A9g/edit#gid=0","A","Open X官方表","","2026-09-02","0","新近/小众","37.7","来源与开放状态已核验","机构数据卡或官方数据入口核验","1","",""
"R0038","dlr-sara-grid-clamp-dataset","DLR Sara Grid Clamp Dataset","2023","2022—2026主窗口","独立数据集","机器人episode/策略数据","true","true","Open X来源数据","Single Arm","非full-body","","100","Open X子数据集；任务口径依来源","视觉/状态/动作，依来源而异","RLDS/TFDS","可直接下载","可从Open X注册清单获取","是","各来源许可证","Open X-Embodiment","DLR Sara Grid Clamp Dataset (2023)","https://robotics-transformer-x.github.io/","https://docs.google.com/spreadsheets/d/1rPBD77tk60AEIGZrGSODwyyzs5FgCU9Uz3h-3_t2A9g/edit#gid=0","A","Open X官方表","","2026-09-02","0","新近/小众","36.9","来源与开放状态已核验","机构数据卡或官方数据入口核验","1","",""
"R0039","dlr-sara-pour-dataset","DLR Sara Pour Dataset","2023","2022—2026主窗口","独立数据集","机器人episode/策略数据","true","true","Open X来源数据","Single Arm","非full-body","","100","Open X子数据集；任务口径依来源","视觉/状态/动作，依来源而异","RLDS/TFDS","可直接下载","可从Open X注册清单获取","是","各来源许可证","Open X-Embodiment","DLR Sara Pour Dataset (2023)","https://robotics-transformer-x.github.io/","https://docs.google.com/spreadsheets/d/1rPBD77tk60AEIGZrGSODwyyzs5FgCU9Uz3h-3_t2A9g/edit#gid=0","A","Open X官方表","","2026-09-02","0","新近/小众","36.9","来源与开放状态已核验","机构数据卡或官方数据入口核验","1","",""
"R0075","utokyo-xarm-pickplace","UTokyo xArm PickPlace","2023","2022—2026主窗口","独立数据集","机器人episode/策略数据","true","true","Open X来源数据","Single Arm","非full-body","","95","Open X子数据集；任务口径依来源","视觉/状态/动作，依来源而异","RLDS/TFDS","可直接下载","可从Open X注册清单获取","是","各来源许可证","Open X-Embodiment","UTokyo xArm PickPlace (2023)","https://robotics-transformer-x.github.io/","https://docs.google.com/spreadsheets/d/1rPBD77tk60AEIGZrGSODwyyzs5FgCU9Uz3h-3_t2A9g/edit#gid=0","A","Open X官方表","","2026-09-02","0","新近/小众","36.5","来源与开放状态已核验","机构数据卡或官方数据入口核验","1","",""
"R0074","utokyo-xarm-bimanual","UTokyo xArm Bimanual","2023","2022—2026主窗口","独立数据集","机器人episode/策略数据","true","true","Open X来源数据","Bi-Manual","非full-body","","70","Open X子数据集；任务口径依来源","视觉/状态/动作，依来源而异","RLDS/TFDS","可直接下载","可从Open X注册清单获取","是","各来源许可证","Open X-Embodiment","UTokyo xArm Bimanual (2023)","https://robotics-transformer-x.github.io/","https://docs.google.com/spreadsheets/d/1rPBD77tk60AEIGZrGSODwyyzs5FgCU9Uz3h-3_t2A9g/edit#gid=0","A","Open X官方表","","2026-09-02","0","新近/小众","34.1","来源与开放状态已核验","机构数据卡或官方数据入口核验","1","",""
"R0067","tokyo-pr2-fridge-opening","Tokyo PR2 Fridge Opening","2023","2022—2026主窗口","独立数据集","机器人episode/策略数据","true","true","Open X来源数据","Single Arm","非full-body","","64","Open X子数据集；任务口径依来源","视觉/状态/动作，依来源而异","RLDS/TFDS","可直接下载","可从Open X注册清单获取","是","各来源许可证","Open X-Embodiment","Tokyo PR2 Fridge Opening (2023)","https://robotics-transformer-x.github.io/","https://docs.google.com/spreadsheets/d/1rPBD77tk60AEIGZrGSODwyyzs5FgCU9Uz3h-3_t2A9g/edit#gid=0","A","Open X官方表","","2026-09-02","0","新近/小众","33.4","来源与开放状态已核验","机构数据卡或官方数据入口核验","1","",""
"R0004","austin-buds","Austin BUDS","2022","2022—2026主窗口","独立数据集","机器人episode/策略数据","true","true","Open X来源数据","Single Arm","非full-body","","50","Open X子数据集；任务口径依来源","视觉/状态/动作，依来源而异","RLDS/TFDS","可直接下载","可从Open X注册清单获取","是","各来源许可证","Open X-Embodiment","Austin BUDS (2022)","https://robotics-transformer-x.github.io/","https://docs.google.com/spreadsheets/d/1rPBD77tk60AEIGZrGSODwyyzs5FgCU9Uz3h-3_t2A9g/edit#gid=0","A","Open X官方表","","2026-09-02","0","新近/小众","31.5","来源与开放状态已核验","机构数据卡或官方数据入口核验","1","",""
"R0018","lsmo-dataset","LSMO Dataset","2022","2022—2026主窗口","独立数据集","机器人episode/策略数据","true","true","Open X来源数据","Single Arm","非full-body","","50","Open X子数据集；任务口径依来源","视觉/状态/动作，依来源而异","RLDS/TFDS","可直接下载","可从Open X注册清单获取","是","各来源许可证","Open X-Embodiment","LSMO Dataset (2022)","https://robotics-transformer-x.github.io/","https://docs.google.com/spreadsheets/d/1rPBD77tk60AEIGZrGSODwyyzs5FgCU9Uz3h-3_t2A9g/edit#gid=0","A","Open X官方表","","2026-09-02","0","新近/小众","31.5","来源与开放状态已核验","机构数据卡或官方数据入口核验","1","",""
"R0066","tidybot","TidyBot","2023","2022—2026主窗口","独立数据集","机器人episode/策略数据","true","true","Open X来源数据","Mobile Manipulator","非full-body","","24","Open X子数据集；任务口径依来源","视觉/状态/动作，依来源而异","RLDS/TFDS","可直接下载","可从Open X注册清单获取","是","各来源许可证","Open X-Embodiment","TidyBot (2023)","https://robotics-transformer-x.github.io/","https://docs.google.com/spreadsheets/d/1rPBD77tk60AEIGZrGSODwyyzs5FgCU9Uz3h-3_t2A9g/edit#gid=0","A","Open X官方表","","2026-09-02","0","新近/小众","25.8","来源与开放状态已核验","机构数据卡或官方数据入口核验","1","",""
"R0062","saytap","Saytap","2023","2022—2026主窗口","独立数据集","机器人episode/策略数据","true","true","Open X来源数据","Quadrupedal Robot","非full-body","","20","Open X子数据集；任务口径依来源","视觉/状态/动作，依来源而异","RLDS/TFDS","可直接下载","可从Open X注册清单获取","是","各来源许可证","Open X-Embodiment","Saytap (2023)","https://robotics-transformer-x.github.io/","https://docs.google.com/spreadsheets/d/1rPBD77tk60AEIGZrGSODwyyzs5FgCU9Uz3h-3_t2A9g/edit#gid=0","A","Open X官方表","","2026-09-02","0","新近/小众","24.4","来源与开放状态已核验","机构数据卡或官方数据入口核验","1","",""
"R0053","nyu-rot","NYU ROT","2023","2022—2026主窗口","独立数据集","机器人episode/策略数据","true","true","Open X来源数据","Single Arm","非full-body","","14","Open X子数据集；任务口径依来源","视觉/状态/动作，依来源而异","RLDS/TFDS","可直接下载","可从Open X注册清单获取","是","各来源许可证","Open X-Embodiment","NYU ROT (2023)","https://robotics-transformer-x.github.io/","https://docs.google.com/spreadsheets/d/1rPBD77tk60AEIGZrGSODwyyzs5FgCU9Uz3h-3_t2A9g/edit#gid=0","A","Open X官方表","","2026-09-02","0","新近/小众","21.7","来源与开放状态已核验","机构数据卡或官方数据入口核验","1","",""
"R0178","instructmove","InstructMove","2026","2022—2026主窗口","Benchmark/任务库","附带训练数据与评测任务","false","false","仿真操作与真实迁移","机械臂","非full-body","","","文本不可替代的指令跟随抓放","","","可直接下载","代码与仿真数据公开","是","未核验","","InstructMove (2026)","https://github.com/HorizonRobotics/RoboOrchardSim","https://arxiv.org/abs/2608.22990；https://github.com/HorizonRobotics/RoboOrchardSim","A","2026年7—8月arXiv完整增量审计","","2026-09-02","0","新近/小众","0","来源与开放状态已核验","论文/数据卡与官方项目入口交叉核验","2","https://github.com/HorizonRobotics/RoboOrchardSim","https://www.semanticscholar.org/paper/440598ded56fe361fda7cd430010a3439e3b5f51"
"R0254","lerobot-community-dataset-v3","LeRobot Community Dataset v3","2026","2022—2026主窗口","聚合/混合/内部数据","社区数据聚合与格式版本","false","false","未统一披露","未统一披露","非full-body","","","","","","可直接下载","可下载；各子集许可证与质量不同","是","未核验","","LeRobot Community Dataset v3 (2026)","https://huggingface.co/datasets/lerobot/community_dataset_v3","https://huggingface.co/datasets/lerobot/community_dataset_v3","A","Hugging Face官方组织索引","","2026-09-02","0","新近/小众","0","来源与开放状态已核验","论文/数据卡与官方项目入口交叉核验","1","https://huggingface.co/datasets/lerobot/community_dataset_v3",""
"R0206","universal-manipulation-interface-umi","Universal Manipulation Interface (UMI)","2024","2022—2026主窗口","采集系统","系统本身不等于数据集","false","false","真实人类示范到真实机器人","手持夹爪到单/双机械臂","非full-body","","","动态投掷、杯具、叠衣、洗碗","腕部RGB;相机/IMU轨迹;夹爪宽度;双夹爪相对位姿","项目数据格式","部分开放/分散获取","代码硬件开放；任务数据按项目提供","部分","项目条款","","Universal Manipulation Interface (UMI) (2024)","https://umi-gripper.github.io/","https://umi-gripper.github.io/；https://github.com/real-stanford/universal_manipulation_interface","A","原64项深读台账","","2026-09-02","0","新近/小众","0","来源与开放状态已核验","论文/数据卡与官方项目入口交叉核验","2","https://umi-gripper.github.io/",""
"R0163","vtdexmanip","VTDexManip","2025","2022—2026主窗口","Benchmark/任务库","任务与评测为主","false","false","真实+仿真","灵巧手","非full-body","","","视觉触觉预训练与六项灵巧操作","RGB;触觉;状态;动作","项目数据格式","可直接下载","项目数据与代码开放","是","项目条款","","VTDexManip (2025)","https://lqts.github.io/VTDexManip/","https://lqts.github.io/VTDexManip/；https://openreview.net/forum?id=jf7C7EGw21","A","原64项深读台账","","2026-09-02","0","新近/小众","0","来源与开放状态已核验","论文/数据卡与官方项目入口交叉核验","2","https://lqts.github.io/VTDexManip/",""
"R0292","amass","AMASS","2019","历史基础","聚合/混合/内部数据","聚合或内部训练混合","false","false","MoCap汇聚","人类全身","上游","40","11000","广泛人体动作","身体姿态;形状;部分手部","NPZ/SMPL参数","需申请/注册","注册后研究使用","入口已验证","非商业研究条款及子集条款","","AMASS (2019（背景）)","https://amass.is.tue.mpg.de/","https://amass.is.tue.mpg.de/；https://arxiv.org/abs/1904.03278","A","原64项深读台账","","2026-09-02","1996","高影响","836","来源与开放状态已核验","论文/数据卡与既有官方来源交叉核验","2","","https://www.semanticscholar.org/paper/690c817ab5be8017ff713fa1028669debde205af"
"R0272","grab","GRAB","2020","历史基础","独立数据集","人类上游数据","true","false","MoCap","人类全身+手","上游","4","1334","全身抓取与物体交互","身体/手姿;物体位姿;接触","SMPL-X/物体参数","需申请/注册","注册后研究使用","入口已验证","非商业研究条款","","GRAB (2020（背景）)","https://grab.is.tue.mpg.de/","https://grab.is.tue.mpg.de/；https://arxiv.org/abs/2008.11200","A","原64项深读台账","","2026-09-02","595","高影响","697.9","来源与开放状态已核验","论文/数据卡与既有官方来源交叉核验","2","","https://www.semanticscholar.org/paper/0808f356856bf8db3f5f24645dadc8e169fd14d2"
"R0264","qt-opt","QT-Opt","2018","历史基础","独立数据集","机器人episode/策略数据","true","true","Open X来源数据","Single Arm","非full-body","","580392","Open X子数据集；任务口径依来源","视觉/状态/动作，依来源而异","RLDS/TFDS","可直接下载","可从Open X注册清单获取","是","各来源许可证","Open X-Embodiment","QT-Opt (2018)","https://robotics-transformer-x.github.io/","https://docs.google.com/spreadsheets/d/1rPBD77tk60AEIGZrGSODwyyzs5FgCU9Uz3h-3_t2A9g/edit#gid=0","A","Open X官方表","","2026-09-02","0","新近/小众","106.2","来源与开放状态已核验","机构数据卡或官方数据入口核验","1","",""
"R0266","robonet","Robonet","2019","历史基础","独立数据集","机器人episode/策略数据","true","true","Open X来源数据","Single Arm","非full-body","","82432","Open X子数据集；任务口径依来源","视觉/状态/动作，依来源而异","RLDS/TFDS","可直接下载","可从Open X注册清单获取","是","各来源许可证","Open X-Embodiment","Robonet (2019)","https://robotics-transformer-x.github.io/","https://docs.google.com/spreadsheets/d/1rPBD77tk60AEIGZrGSODwyyzs5FgCU9Uz3h-3_t2A9g/edit#gid=0","A","Open X官方表","","2026-09-02","0","新近/小众","90.6","来源与开放状态已核验","机构数据卡或官方数据入口核验","1","",""
"R0275","bc-z","BC-Z","2021","历史基础","独立数据集","机器人episode/策略数据","true","true","Open X来源数据","Mobile Manipulator","非full-body","","39350","Open X子数据集；任务口径依来源","视觉/状态/动作，依来源而异","RLDS/TFDS","可直接下载","可从Open X注册清单获取","是","各来源许可证","Open X-Embodiment","BC-Z (2021)","https://robotics-transformer-x.github.io/","https://docs.google.com/spreadsheets/d/1rPBD77tk60AEIGZrGSODwyyzs5FgCU9Uz3h-3_t2A9g/edit#gid=0","A","Open X官方表","","2026-09-02","0","新近/小众","84.6","来源与开放状态已核验","机构数据卡或官方数据入口核验","1","",""
"R0280","recon","RECON","2021","历史基础","独立数据集","机器人episode/策略数据","true","true","Open X来源数据","Wheeled Robot","非full-body","","11830","Open X子数据集；任务口径依来源","视觉/状态/动作，依来源而异","RLDS/TFDS","可直接下载","可从Open X注册清单获取","是","各来源许可证","Open X-Embodiment","RECON (2021)","https://robotics-transformer-x.github.io/","https://docs.google.com/spreadsheets/d/1rPBD77tk60AEIGZrGSODwyyzs5FgCU9Uz3h-3_t2A9g/edit#gid=0","A","Open X官方表","","2026-09-02","0","新近/小众","75","来源与开放状态已核验","机构数据卡或官方数据入口核验","1","",""
"R0262","coryhall","CoryHall","2018","历史基础","独立数据集","机器人episode/策略数据","true","true","Open X来源数据","Wheeled Robot","非full-body","","7328","Open X子数据集；任务口径依来源","视觉/状态/动作，依来源而异","RLDS/TFDS","可直接下载","可从Open X注册清单获取","是","各来源许可证","Open X-Embodiment","CoryHall (2018)","https://robotics-transformer-x.github.io/","https://docs.google.com/spreadsheets/d/1rPBD77tk60AEIGZrGSODwyyzs5FgCU9Uz3h-3_t2A9g/edit#gid=0","A","Open X官方表","","2026-09-02","0","新近/小众","71.2","来源与开放状态已核验","机构数据卡或官方数据入口核验","1","",""
"R0277","cmu-food-manipulation","CMU Food Manipulation","2021","历史基础","独立数据集","机器人episode/策略数据","true","true","Open X来源数据","Single Arm","非full-body","","4200","Open X子数据集；任务口径依来源","视觉/状态/动作，依来源而异","RLDS/TFDS","可直接下载","可从Open X注册清单获取","是","各来源许可证","Open X-Embodiment","CMU Food Manipulation (2021)","https://robotics-transformer-x.github.io/","https://docs.google.com/spreadsheets/d/1rPBD77tk60AEIGZrGSODwyyzs5FgCU9Uz3h-3_t2A9g/edit#gid=0","A","Open X官方表","","2026-09-02","0","新近/小众","66.7","来源与开放状态已核验","机构数据卡或官方数据入口核验","1","",""
"R0268","stanford-kuka-multimodal","Stanford Kuka Multimodal","2019","历史基础","独立数据集","机器人episode/策略数据","true","true","Open X来源数据","Single Arm","非full-body","","3000","Open X子数据集；任务口径依来源","视觉/状态/动作，依来源而异","RLDS/TFDS","可直接下载","可从Open X注册清单获取","是","各来源许可证","Open X-Embodiment","Stanford Kuka Multimodal (2019)","https://robotics-transformer-x.github.io/","https://docs.google.com/spreadsheets/d/1rPBD77tk60AEIGZrGSODwyyzs5FgCU9Uz3h-3_t2A9g/edit#gid=0","A","Open X官方表","","2026-09-02","0","新近/小众","64.1","来源与开放状态已核验","机构数据卡或官方数据入口核验","1","",""
"R0267","roboturk","Roboturk","2019","历史基础","独立数据集","机器人episode/策略数据","true","true","Open X来源数据","Single Arm","非full-body","","2144","Open X子数据集；任务口径依来源","视觉/状态/动作，依来源而异","RLDS/TFDS","可直接下载","可从Open X注册清单获取","是","各来源许可证","Open X-Embodiment","Roboturk (2019)","https://robotics-transformer-x.github.io/","https://docs.google.com/spreadsheets/d/1rPBD77tk60AEIGZrGSODwyyzs5FgCU9Uz3h-3_t2A9g/edit#gid=0","A","Open X官方表","","2026-09-02","0","新近/小众","61.4","来源与开放状态已核验","机构数据卡或官方数据入口核验","1","",""
"R0279","nyu-vinn","NYU VINN","2021","历史基础","独立数据集","机器人episode/策略数据","true","true","Open X来源数据","Mobile Manipulator","非full-body","","435","Open X子数据集；任务口径依来源","视觉/状态/动作，依来源而异","RLDS/TFDS","可直接下载","可从Open X注册清单获取","是","各来源许可证","Open X-Embodiment","NYU VINN (2021)","https://robotics-transformer-x.github.io/","https://docs.google.com/spreadsheets/d/1rPBD77tk60AEIGZrGSODwyyzs5FgCU9Uz3h-3_t2A9g/edit#gid=0","A","Open X官方表","","2026-09-02","0","新近/小众","48.6","来源与开放状态已核验","机构数据卡或官方数据入口核验","1","",""
"R0270","dlr-wheelchair-shared-control","DLR Wheelchair Shared Control","2020","历史基础","独立数据集","机器人episode/策略数据","true","true","Open X来源数据","Single Arm","非full-body","","100","Open X子数据集；任务口径依来源","视觉/状态/动作，依来源而异","RLDS/TFDS","可直接下载","可从Open X注册清单获取","是","各来源许可证","Open X-Embodiment","DLR Wheelchair Shared Control (2020)","https://robotics-transformer-x.github.io/","https://docs.google.com/spreadsheets/d/1rPBD77tk60AEIGZrGSODwyyzs5FgCU9Uz3h-3_t2A9g/edit#gid=0","A","Open X官方表","","2026-09-02","0","新近/小众","36.9","来源与开放状态已核验","机构数据卡或官方数据入口核验","1","",""
